"ID","Раздел","Направления и эффект","Уровень","Название асаны в оригинале","Транслитерация на русском","Популярное название на русском","Объяснение выполнения","Минуты","Противопоказания и ограничения","Текст для озвучивания","Как встроить перед асаной","Как выйти или компенсировать","Картинка визуализация","Заметки"
"AS001","Разминка шеи и плеч","мобилизация шеи","начальный","Sukshma Griva Vyayama","Сукшма Грива Вьяяма","мягкая разминка шеи","Сядьте или встаньте ровно, удлините шею, двигайтесь медленно и без рывков. Держите плечи мягкими, дыхание ровным.","3","обычно безопасна при мягком выполнении, избегать боли и головокружения","Войдите в мягкая разминка шеи. Сядьте или встаньте ровно, удлините шею, двигайтесь медленно и без рывков. Держите плечи мягкими, дыхание ровным. Дышите ровно. Выход: вернуться в нейтраль и наблюдать дыхание.","после нейтрального выравнивания и спокойного дыхания","вернуться в нейтраль и наблюдать дыхание","visuals/AS001.svg","v1 каталог, строка расширяема"
"AS002","Разминка шеи и плеч","плечи и верх спины","начальный","Skandha Chakra","Скандха Чакра","круги плечами","Сядьте или встаньте ровно, удлините шею, двигайтесь медленно и без рывков. Держите плечи мягкими, дыхание ровным.","3","обычно безопасна при мягком выполнении, избегать боли и головокружения","Войдите в круги плечами. Сядьте или встаньте ровно, удлините шею, двигайтесь медленно и без рывков. Держите плечи мягкими, дыхание ровным. Дышите ровно. Выход: вернуться в нейтраль и наблюдать дыхание.","после нейтрального выравнивания и спокойного дыхания","вернуться в нейтраль и наблюдать дыхание","visuals/AS002.svg","v1 каталог, строка расширяема"
"AS003","Разминка шеи и плеч","плечи и грудной отдел","начальный","Hasta Uttanasana","Хаста Уттанасана","вытяжение рук вверх","Сядьте или встаньте ровно, удлините шею, двигайтесь медленно и без рывков. Держите плечи мягкими, дыхание ровным.","3","обычно безопасна при мягком выполнении, избегать боли и головокружения","Войдите в вытяжение рук вверх. Сядьте или встаньте ровно, удлините шею, двигайтесь медленно и без рывков. Держите плечи мягкими, дыхание ровным. Дышите ровно. Выход: вернуться в нейтраль и наблюдать дыхание.","после нейтрального выравнивания и спокойного дыхания","вернуться в нейтраль и наблюдать дыхание","visuals/AS003.svg","v1 каталог, строка расширяема"
"AS004","Разминка шеи и плеч","плечи","начальный","Gomukhasana Hasta","Гомукхасана Хаста","руки коровьей головы","Сядьте или встаньте ровно, удлините шею, двигайтесь медленно и без рывков. Держите плечи мягкими, дыхание ровным.","3","обычно безопасна при мягком выполнении, избегать боли и головокружения","Войдите в руки коровьей головы. Сядьте или встаньте ровно, удлините шею, двигайтесь медленно и без рывков. Держите плечи мягкими, дыхание ровным. Дышите ровно. Выход: вернуться в нейтраль и наблюдать дыхание.","после нейтрального выравнивания и спокойного дыхания","вернуться в нейтраль и наблюдать дыхание","visuals/AS004.svg","v1 каталог, строка расширяема"
"AS005","Разминка шеи и плеч","лопатки","начальный","Garudasana Hasta","Гарудасана Хаста","руки орла","Сядьте или встаньте ровно, удлините шею, двигайтесь медленно и без рывков. Держите плечи мягкими, дыхание ровным.","3","обычно безопасна при мягком выполнении, избегать боли и головокружения","Войдите в руки орла. Сядьте или встаньте ровно, удлините шею, двигайтесь медленно и без рывков. Держите плечи мягкими, дыхание ровным. Дышите ровно. Выход: вернуться в нейтраль и наблюдать дыхание.","после нейтрального выравнивания и спокойного дыхания","вернуться в нейтраль и наблюдать дыхание","visuals/AS005.svg","v1 каталог, строка расширяема"
"AS006","Разминка шеи и плеч","боковая линия","начальный","Parsva Tadasana","Паршва Тадасана","боковое вытяжение стоя","Сядьте или встаньте ровно, удлините шею, двигайтесь медленно и без рывков. Держите плечи мягкими, дыхание ровным.","3","обычно безопасна при мягком выполнении, избегать боли и головокружения","Войдите в боковое вытяжение стоя. Сядьте или встаньте ровно, удлините шею, двигайтесь медленно и без рывков. Держите плечи мягкими, дыхание ровным. Дышите ровно. Выход: вернуться в нейтраль и наблюдать дыхание.","после нейтрального выравнивания и спокойного дыхания","вернуться в нейтраль и наблюдать дыхание","visuals/AS006.svg","v1 каталог, строка расширяема"
"AS007","Разминка позвоночника","позвоночник","начальный","Marjaryasana","Марджариасана","кошка","Войдите через четвереньки или нейтральную опору. Двигайте позвоночник волной с дыханием, не уходя в боль.","3","обычно безопасна при мягком выполнении, избегать боли и головокружения","Войдите в кошка. Войдите через четвереньки или нейтральную опору. Двигайте позвоночник волной с дыханием, не уходя в боль. Дышите ровно. Выход: вернуться в нейтраль и наблюдать дыхание.","после нейтрального выравнивания и спокойного дыхания","вернуться в нейтраль и наблюдать дыхание","visuals/AS007.svg","v1 каталог, строка расширяема"
"AS008","Разминка позвоночника","грудной отдел","начальный","Bitilasana","Битиласана","корова","Войдите через четвереньки или нейтральную опору. Двигайте позвоночник волной с дыханием, не уходя в боль.","3","обычно безопасна при мягком выполнении, избегать боли и головокружения","Войдите в корова. Войдите через четвереньки или нейтральную опору. Двигайте позвоночник волной с дыханием, не уходя в боль. Дышите ровно. Выход: вернуться в нейтраль и наблюдать дыхание.","после нейтрального выравнивания и спокойного дыхания","вернуться в нейтраль и наблюдать дыхание","visuals/AS008.svg","v1 каталог, строка расширяема"
"AS009","Разминка позвоночника","поясница и координация","начальный","Vyaghrasana","Вьягхрасана","тигр","Войдите через четвереньки или нейтральную опору. Двигайте позвоночник волной с дыханием, не уходя в боль.","3","обычно безопасна при мягком выполнении, избегать боли и головокружения","Войдите в тигр. Войдите через четвереньки или нейтральную опору. Двигайте позвоночник волной с дыханием, не уходя в боль. Дышите ровно. Выход: вернуться в нейтраль и наблюдать дыхание.","после нейтрального выравнивания и спокойного дыхания","вернуться в нейтраль и наблюдать дыхание","visuals/AS009.svg","v1 каталог, строка расширяема"
"AS010","Восстановление и паузы","отдых и поясница","начальный","Balasana","Баласана","поза ребенка","Устройтесь удобно, поддержите тело опорами и отпускайте лишнее усилие. Дыхание естественное, выход плавный.","5","обычно безопасна при мягком выполнении, избегать боли и головокружения","Войдите в поза ребенка. Устройтесь удобно, поддержите тело опорами и отпускайте лишнее усилие. Дыхание естественное, выход плавный. Дышите ровно. Выход: вернуться в нейтраль и наблюдать дыхание.","после нейтрального выравнивания и спокойного дыхания","вернуться в нейтраль и наблюдать дыхание","visuals/AS010.svg","v1 каталог, строка расширяема"
"AS011","Стоячие базовые","осанка","начальный","Tadasana","Тадасана","поза горы","Заземлите стопы, выровняйте таз и удлините корпус. Колено направляйте по линии стопы, взгляд мягко фиксируйте.","3","обычно безопасна при мягком выполнении, избегать боли и головокружения","Войдите в поза горы. Заземлите стопы, выровняйте таз и удлините корпус. Колено направляйте по линии стопы, взгляд мягко фиксируйте. Дышите ровно. Выход: вернуться в нейтраль и наблюдать дыхание.","после нейтрального выравнивания и спокойного дыхания","вернуться в нейтраль и наблюдать дыхание","visuals/AS011.svg","v1 каталог, строка расширяема"
"AS012","Стоячие базовые","вытяжение корпуса","начальный","Urdhva Hastasana","Урдхва Хастасана","руки вверх","Заземлите стопы, выровняйте таз и удлините корпус. Колено направляйте по линии стопы, взгляд мягко фиксируйте.","3","обычно безопасна при мягком выполнении, избегать боли и головокружения","Войдите в руки вверх. Заземлите стопы, выровняйте таз и удлините корпус. Колено направляйте по линии стопы, взгляд мягко фиксируйте. Дышите ровно. Выход: вернуться в нейтраль и наблюдать дыхание.","после нейтрального выравнивания и спокойного дыхания","вернуться в нейтраль и наблюдать дыхание","visuals/AS012.svg","v1 каталог, строка расширяема"
"AS013","Наклоны вперед","задняя поверхность бедра","начальный","Uttanasana","Уттанасана","наклон стоя","Сначала удлините позвоночник, затем наклоняйтесь от таза. Колени можно согнуть, живот направляйте к бедрам, дыхание спокойное.","3","грыжи в обострении, ишиас, высокое давление при глубоком наклоне","Войдите в наклон стоя. Сначала удлините позвоночник, затем наклоняйтесь от таза. Колени можно согнуть, живот направляйте к бедрам, дыхание спокойное. Дышите ровно. Выход: вернуться в нейтраль и наблюдать дыхание.","после мягкой мобилизации таза и задней линии","вернуться в нейтраль и наблюдать дыхание","visuals/AS013.svg","v1 каталог, строка расширяема"
"AS014","Наклоны вперед","спина и переходы","начальный","Ardha Uttanasana","Ардха Уттанасана","полунаклон","Сначала удлините позвоночник, затем наклоняйтесь от таза. Колени можно согнуть, живот направляйте к бедрам, дыхание спокойное.","3","грыжи в обострении, ишиас, высокое давление при глубоком наклоне","Войдите в полунаклон. Сначала удлините позвоночник, затем наклоняйтесь от таза. Колени можно согнуть, живот направляйте к бедрам, дыхание спокойное. Дышите ровно. Выход: вернуться в нейтраль и наблюдать дыхание.","после мягкой мобилизации таза и задней линии","вернуться в нейтраль и наблюдать дыхание","visuals/AS014.svg","v1 каталог, строка расширяема"
"AS015","Виньяса и выпады","тазобедренные","начальный","Ashwa Sanchalanasana","Ашва Санчаланасана","низкий выпад","Поставьте опоры устойчиво, следите за передним коленом над пяткой. Переход выполняйте на дыхании, без провала в пояснице.","3","обычно безопасна при мягком выполнении, избегать боли и головокружения","Войдите в низкий выпад. Поставьте опоры устойчиво, следите за передним коленом над пяткой. Переход выполняйте на дыхании, без провала в пояснице. Дышите ровно. Выход: вернуться в нейтраль и наблюдать дыхание.","после нейтрального выравнивания и спокойного дыхания","вернуться в нейтраль и наблюдать дыхание","visuals/AS015.svg","v1 каталог, строка расширяема"
"AS016","Виньяса и выпады","передняя линия бедра","начальный","Anjaneyasana","Анджанейасана","низкий выпад с руками вверх","Поставьте опоры устойчиво, следите за передним коленом над пяткой. Переход выполняйте на дыхании, без провала в пояснице.","3","обычно безопасна при мягком выполнении, избегать боли и головокружения","Войдите в низкий выпад с руками вверх. Поставьте опоры устойчиво, следите за передним коленом над пяткой. Переход выполняйте на дыхании, без провала в пояснице. Дышите ровно. Выход: вернуться в нейтраль и наблюдать дыхание.","после нейтрального выравнивания и спокойного дыхания","вернуться в нейтраль и наблюдать дыхание","visuals/AS016.svg","v1 каталог, строка расширяема"
"AS017","Сила и центр","кор и плечи","начальный","Phalakasana","Пхалакасана","планка","Соберите центр, толкайте опору руками или стопами, сохраняйте длинную шею. Удерживайте коротко и качественно.","3","боль в запястьях, плечах, беременность","Войдите в планка. Соберите центр, толкайте опору руками или стопами, сохраняйте длинную шею. Удерживайте коротко и качественно. Дышите ровно. Выход: вернуться в нейтраль и наблюдать дыхание.","после нейтрального выравнивания и спокойного дыхания","вернуться в нейтраль и наблюдать дыхание","visuals/AS017.svg","v1 каталог, строка расширяема"
"AS018","Виньяса и выпады","координация","начальный","Ashtanga Namaskara","Аштанга Намаскара","восемь точек","Поставьте опоры устойчиво, следите за передним коленом над пяткой. Переход выполняйте на дыхании, без провала в пояснице.","3","обычно безопасна при мягком выполнении, избегать боли и головокружения","Войдите в восемь точек. Поставьте опоры устойчиво, следите за передним коленом над пяткой. Переход выполняйте на дыхании, без провала в пояснице. Дышите ровно. Выход: вернуться в нейтраль и наблюдать дыхание.","после нейтрального выравнивания и спокойного дыхания","вернуться в нейтраль и наблюдать дыхание","visuals/AS018.svg","v1 каталог, строка расширяема"
"AS019","Сила и центр","руки и кор","средний","Chaturanga Dandasana","Чатуранга Дандасана","посох на четырех опорах","Соберите центр, толкайте опору руками или стопами, сохраняйте длинную шею. Удерживайте коротко и качественно.","3","боль в запястьях, плечах, беременность","Войдите в посох на четырех опорах. Соберите центр, толкайте опору руками или стопами, сохраняйте длинную шею. Удерживайте коротко и качественно. Дышите ровно. Выход: вернуться в нейтраль и наблюдать дыхание.","после нейтрального выравнивания и спокойного дыхания","вернуться в нейтраль и наблюдать дыхание","visuals/AS019.svg","v1 каталог, строка расширяема"
"AS020","Прогибы","грудь","средний","Urdhva Mukha Svanasana","Урдхва Мукха Шванасана","собака мордой вверх","Разогрейте бедра и грудной отдел. Направляйте грудину вверх, живот и ноги активны, поясницу не сжимайте.","3","боль в пояснице, шее, высокое давление","Войдите в собака мордой вверх. Разогрейте бедра и грудной отдел. Направляйте грудину вверх, живот и ноги активны, поясницу не сжимайте. Дышите ровно. Выход: компенсировать мягким наклоном, Balasana или Apanasana.","после раскрытия грудного отдела и бедер","компенсировать мягким наклоном, Balasana или Apanasana","visuals/AS020.svg","v1 каталог, строка расширяема"
"AS021","Виньяса и вытяжение","задняя линия","начальный","Adho Mukha Svanasana","Адхо Мукха Шванасана","собака мордой вниз","Сначала удлините позвоночник, затем наклоняйтесь от таза. Колени можно согнуть, живот направляйте к бедрам, дыхание спокойное.","3","грыжи в обострении, ишиас, высокое давление при глубоком наклоне","Войдите в собака мордой вниз. Сначала удлините позвоночник, затем наклоняйтесь от таза. Колени можно согнуть, живот направляйте к бедрам, дыхание спокойное. Дышите ровно. Выход: вернуться в нейтраль и наблюдать дыхание.","после мягкой мобилизации таза и задней линии","вернуться в нейтраль и наблюдать дыхание","visuals/AS021.svg","v1 каталог, строка расширяема"
"AS022","Стоячие силовые","ноги и таз","начальный","Virabhadrasana I","Вирабхадрасана I","воин I","Заземлите стопы, выровняйте таз и удлините корпус. Колено направляйте по линии стопы, взгляд мягко фиксируйте.","3","боль в коленях, тазобедренных, мениски","Войдите в воин I. Заземлите стопы, выровняйте таз и удлините корпус. Колено направляйте по линии стопы, взгляд мягко фиксируйте. Дышите ровно. Выход: вернуться в нейтраль и наблюдать дыхание.","после нейтрального выравнивания и спокойного дыхания","вернуться в нейтраль и наблюдать дыхание","visuals/AS022.svg","v1 каталог, строка расширяема"
"AS023","Стоячие силовые","ноги и жар","начальный","Utkatasana","Уткатасана","стул","Заземлите стопы, выровняйте таз и удлините корпус. Колено направляйте по линии стопы, взгляд мягко фиксируйте.","3","обычно безопасна при мягком выполнении, избегать боли и головокружения","Войдите в стул. Заземлите стопы, выровняйте таз и удлините корпус. Колено направляйте по линии стопы, взгляд мягко фиксируйте. Дышите ровно. Выход: вернуться в нейтраль и наблюдать дыхание.","после нейтрального выравнивания и спокойного дыхания","вернуться в нейтраль и наблюдать дыхание","visuals/AS023.svg","v1 каталог, строка расширяема"
"AS024","Балансы стоя","баланс","начальный","Vrikshasana","Врикшасана","дерево","Заземлите стопы, выровняйте таз и удлините корпус. Колено направляйте по линии стопы, взгляд мягко фиксируйте.","3","обычно безопасна при мягком выполнении, избегать боли и головокружения","Войдите в дерево. Заземлите стопы, выровняйте таз и удлините корпус. Колено направляйте по линии стопы, взгляд мягко фиксируйте. Дышите ровно. Выход: вернуться в нейтраль и наблюдать дыхание.","после нейтрального выравнивания и спокойного дыхания","вернуться в нейтраль и наблюдать дыхание","visuals/AS024.svg","v1 каталог, строка расширяема"
"AS025","Балансы стоя","баланс и бедра","средний","Garudasana","Гарудасана","орел","Заземлите стопы, выровняйте таз и удлините корпус. Колено направляйте по линии стопы, взгляд мягко фиксируйте.","3","обычно безопасна при мягком выполнении, избегать боли и головокружения","Войдите в орел. Заземлите стопы, выровняйте таз и удлините корпус. Колено направляйте по линии стопы, взгляд мягко фиксируйте. Дышите ровно. Выход: вернуться в нейтраль и наблюдать дыхание.","после нейтрального выравнивания и спокойного дыхания","вернуться в нейтраль и наблюдать дыхание","visuals/AS025.svg","v1 каталог, строка расширяема"
"AS026","Стоячие вытяжения","бока и ноги","начальный","Utthita Trikonasana","Уттхита Триконасана","треугольник","Заземлите стопы, выровняйте таз и удлините корпус. Колено направляйте по линии стопы, взгляд мягко фиксируйте.","3","обычно безопасна при мягком выполнении, избегать боли и головокружения","Войдите в треугольник. Заземлите стопы, выровняйте таз и удлините корпус. Колено направляйте по линии стопы, взгляд мягко фиксируйте. Дышите ровно. Выход: вернуться в нейтраль и наблюдать дыхание.","после нейтрального выравнивания и спокойного дыхания","вернуться в нейтраль и наблюдать дыхание","visuals/AS026.svg","v1 каталог, строка расширяема"
"AS027","Скрутки","скрутка и ноги","средний","Parivrtta Trikonasana","Паривритта Триконасана","скрученный треугольник","На вдохе вытяните позвоночник, на выдохе разворачивайтесь от грудного отдела. Живот не зажимайте, рычаг руками минимальный.","3","беременность, острые боли поясницы, менструация при дискомфорте","Войдите в скрученный треугольник. На вдохе вытяните позвоночник, на выдохе разворачивайтесь от грудного отдела. Живот не зажимайте, рычаг руками минимальный. Дышите ровно. Выход: вернуться в центр и повторить симметрично.","после нейтрального выравнивания и спокойного дыхания","вернуться в центр и повторить симметрично","visuals/AS027.svg","v1 каталог, строка расширяема"
"AS028","Стоячие вытяжения","бока и таз","начальный","Utthita Parsvakonasana","Уттхита Паршваконасана","боковой угол","Заземлите стопы, выровняйте таз и удлините корпус. Колено направляйте по линии стопы, взгляд мягко фиксируйте.","3","обычно безопасна при мягком выполнении, избегать боли и головокружения","Войдите в боковой угол. Заземлите стопы, выровняйте таз и удлините корпус. Колено направляйте по линии стопы, взгляд мягко фиксируйте. Дышите ровно. Выход: вернуться в нейтраль и наблюдать дыхание.","после нейтрального выравнивания и спокойного дыхания","вернуться в нейтраль и наблюдать дыхание","visuals/AS028.svg","v1 каталог, строка расширяема"
"AS029","Скрутки","корпус","средний","Parivrtta Parsvakonasana","Паривритта Паршваконасана","скрученный боковой угол","На вдохе вытяните позвоночник, на выдохе разворачивайтесь от грудного отдела. Живот не зажимайте, рычаг руками минимальный.","3","беременность, острые боли поясницы, менструация при дискомфорте","Войдите в скрученный боковой угол. На вдохе вытяните позвоночник, на выдохе разворачивайтесь от грудного отдела. Живот не зажимайте, рычаг руками минимальный. Дышите ровно. Выход: вернуться в центр и повторить симметрично.","после нейтрального выравнивания и спокойного дыхания","вернуться в центр и повторить симметрично","visuals/AS029.svg","v1 каталог, строка расширяема"
"AS030","Стоячие силовые","ноги и устойчивость","начальный","Virabhadrasana II","Вирабхадрасана II","воин II","Заземлите стопы, выровняйте таз и удлините корпус. Колено направляйте по линии стопы, взгляд мягко фиксируйте.","3","боль в коленях, тазобедренных, мениски","Войдите в воин II. Заземлите стопы, выровняйте таз и удлините корпус. Колено направляйте по линии стопы, взгляд мягко фиксируйте. Дышите ровно. Выход: вернуться в нейтраль и наблюдать дыхание.","после нейтрального выравнивания и спокойного дыхания","вернуться в нейтраль и наблюдать дыхание","visuals/AS030.svg","v1 каталог, строка расширяема"
"AS031","Балансы стоя","задняя линия","средний","Virabhadrasana III","Вирабхадрасана III","воин III","Заземлите стопы, выровняйте таз и удлините корпус. Колено направляйте по линии стопы, взгляд мягко фиксируйте.","3","боль в коленях, тазобедренных, мениски","Войдите в воин III. Заземлите стопы, выровняйте таз и удлините корпус. Колено направляйте по линии стопы, взгляд мягко фиксируйте. Дышите ровно. Выход: вернуться в нейтраль и наблюдать дыхание.","после нейтрального выравнивания и спокойного дыхания","вернуться в нейтраль и наблюдать дыхание","visuals/AS031.svg","v1 каталог, строка расширяема"
"AS032","Наклоны вперед","задняя линия","начальный","Parsvottanasana","Паршвоттанасана","интенсивное боковое вытяжение","Сначала удлините позвоночник, затем наклоняйтесь от таза. Колени можно согнуть, живот направляйте к бедрам, дыхание спокойное.","3","грыжи в обострении, ишиас, высокое давление при глубоком наклоне","Войдите в интенсивное боковое вытяжение. Сначала удлините позвоночник, затем наклоняйтесь от таза. Колени можно согнуть, живот направляйте к бедрам, дыхание спокойное. Дышите ровно. Выход: вернуться в нейтраль и наблюдать дыхание.","после мягкой мобилизации таза и задней линии","вернуться в нейтраль и наблюдать дыхание","visuals/AS032.svg","v1 каталог, строка расширяема"
"AS033","Наклоны вперед","внутренняя поверхность ног","начальный","Prasarita Padottanasana","Прасарита Падоттанасана","широкий наклон стоя","Сначала удлините позвоночник, затем наклоняйтесь от таза. Колени можно согнуть, живот направляйте к бедрам, дыхание спокойное.","3","грыжи в обострении, ишиас, высокое давление при глубоком наклоне","Войдите в широкий наклон стоя. Сначала удлините позвоночник, затем наклоняйтесь от таза. Колени можно согнуть, живот направляйте к бедрам, дыхание спокойное. Дышите ровно. Выход: вернуться в нейтраль и наблюдать дыхание.","после мягкой мобилизации таза и задней линии","вернуться в нейтраль и наблюдать дыхание","visuals/AS033.svg","v1 каталог, строка расширяема"
"AS034","Балансы стоя","баланс и грудь","средний","Ardha Chandrasana","Ардха Чандрасана","полумесяц","Заземлите стопы, выровняйте таз и удлините корпус. Колено направляйте по линии стопы, взгляд мягко фиксируйте.","3","обычно безопасна при мягком выполнении, избегать боли и головокружения","Войдите в полумесяц. Заземлите стопы, выровняйте таз и удлините корпус. Колено направляйте по линии стопы, взгляд мягко фиксируйте. Дышите ровно. Выход: вернуться в нейтраль и наблюдать дыхание.","после нейтрального выравнивания и спокойного дыхания","вернуться в нейтраль и наблюдать дыхание","visuals/AS034.svg","v1 каталог, строка расширяема"
"AS035","Балансы стоя","баланс и скрутка","продвинутый","Parivrtta Ardha Chandrasana","Паривритта Ардха Чандрасана","скрученный полумесяц","Заземлите стопы, выровняйте таз и удлините корпус. Колено направляйте по линии стопы, взгляд мягко фиксируйте.","2","обычно безопасна при мягком выполнении, избегать боли и головокружения","Войдите в скрученный полумесяц. Заземлите стопы, выровняйте таз и удлините корпус. Колено направляйте по линии стопы, взгляд мягко фиксируйте. Дышите ровно. Выход: вернуться в нейтраль и наблюдать дыхание.","после нейтрального выравнивания и спокойного дыхания","вернуться в нейтраль и наблюдать дыхание","visuals/AS035.svg","v1 каталог, строка расширяема"
"AS036","Балансы стоя","передняя линия","средний","Natarajasana","Натараджасана","танцор","Заземлите стопы, выровняйте таз и удлините корпус. Колено направляйте по линии стопы, взгляд мягко фиксируйте.","3","обычно безопасна при мягком выполнении, избегать боли и головокружения","Войдите в танцор. Заземлите стопы, выровняйте таз и удлините корпус. Колено направляйте по линии стопы, взгляд мягко фиксируйте. Дышите ровно. Выход: вернуться в нейтраль и наблюдать дыхание.","после нейтрального выравнивания и спокойного дыхания","вернуться в нейтраль и наблюдать дыхание","visuals/AS036.svg","v1 каталог, строка расширяема"
"AS037","Таз и приседания","таз и стопы","начальный","Malasana","Маласана","гирлянда","Сядьте на опору при необходимости, двигайтесь от тазобедренных суставов. Колени не должны болеть, амплитуда мягкая.","3","боль в коленях, тазобедренных, мениски","Войдите в гирлянда. Сядьте на опору при необходимости, двигайтесь от тазобедренных суставов. Колени не должны болеть, амплитуда мягкая. Дышите ровно. Выход: вернуться в нейтраль и наблюдать дыхание.","после нейтрального выравнивания и спокойного дыхания","вернуться в нейтраль и наблюдать дыхание","visuals/AS037.svg","v1 каталог, строка расширяема"
"AS038","Таз и приседания","приводящие мышцы","средний","Skandasana","Скандасана","боковой выпад","Сядьте на опору при необходимости, двигайтесь от тазобедренных суставов. Колени не должны болеть, амплитуда мягкая.","3","боль в коленях, тазобедренных, мениски","Войдите в боковой выпад. Сядьте на опору при необходимости, двигайтесь от тазобедренных суставов. Колени не должны болеть, амплитуда мягкая. Дышите ровно. Выход: вернуться в нейтраль и наблюдать дыхание.","после нейтрального выравнивания и спокойного дыхания","вернуться в нейтраль и наблюдать дыхание","visuals/AS038.svg","v1 каталог, строка расширяема"
"AS039","Наклоны вперед","стопы и задняя линия","начальный","Padangusthasana","Падангуштхасана","захват больших пальцев ног","Сначала удлините позвоночник, затем наклоняйтесь от таза. Колени можно согнуть, живот направляйте к бедрам, дыхание спокойное.","3","грыжи в обострении, ишиас, высокое давление при глубоком наклоне","Войдите в захват больших пальцев ног. Сначала удлините позвоночник, затем наклоняйтесь от таза. Колени можно согнуть, живот направляйте к бедрам, дыхание спокойное. Дышите ровно. Выход: вернуться в нейтраль и наблюдать дыхание.","после мягкой мобилизации таза и задней линии","вернуться в нейтраль и наблюдать дыхание","visuals/AS039.svg","v1 каталог, строка расширяема"
"AS040","Наклоны вперед","запястья и задняя линия","средний","Padahastasana","Падахастасана","ладони под стопами","Сначала удлините позвоночник, затем наклоняйтесь от таза. Колени можно согнуть, живот направляйте к бедрам, дыхание спокойное.","3","грыжи в обострении, ишиас, высокое давление при глубоком наклоне","Войдите в ладони под стопами. Сначала удлините позвоночник, затем наклоняйтесь от таза. Колени можно согнуть, живот направляйте к бедрам, дыхание спокойное. Дышите ровно. Выход: вернуться в нейтраль и наблюдать дыхание.","после мягкой мобилизации таза и задней линии","вернуться в нейтраль и наблюдать дыхание","visuals/AS040.svg","v1 каталог, строка расширяема"
"AS041","Сидячие базовые","осанка","начальный","Dandasana","Дандасана","посох сидя","Сядьте на опору при необходимости, двигайтесь от тазобедренных суставов. Колени не должны болеть, амплитуда мягкая.","3","боль в коленях, тазобедренных, мениски","Войдите в посох сидя. Сядьте на опору при необходимости, двигайтесь от тазобедренных суставов. Колени не должны болеть, амплитуда мягкая. Дышите ровно. Выход: вернуться в нейтраль и наблюдать дыхание.","после нейтрального выравнивания и спокойного дыхания","вернуться в нейтраль и наблюдать дыхание","visuals/AS041.svg","v1 каталог, строка расширяема"
"AS042","Сидячие базовые","медитация","начальный","Sukhasana","Сукхасана","простая поза сидя","Сядьте на опору при необходимости, двигайтесь от тазобедренных суставов. Колени не должны болеть, амплитуда мягкая.","3","боль в коленях, тазобедренных, мениски","Войдите в простая поза сидя. Сядьте на опору при необходимости, двигайтесь от тазобедренных суставов. Колени не должны болеть, амплитуда мягкая. Дышите ровно. Выход: вернуться в нейтраль и наблюдать дыхание.","после нейтрального выравнивания и спокойного дыхания","вернуться в нейтраль и наблюдать дыхание","visuals/AS042.svg","v1 каталог, строка расширяема"
"AS043","Сидячие базовые","устойчивость","средний","Siddhasana","Сиддхасана","совершенная поза","Сядьте на опору при необходимости, двигайтесь от тазобедренных суставов. Колени не должны болеть, амплитуда мягкая.","3","боль в коленях, тазобедренных, мениски","Войдите в совершенная поза. Сядьте на опору при необходимости, двигайтесь от тазобедренных суставов. Колени не должны болеть, амплитуда мягкая. Дышите ровно. Выход: вернуться в нейтраль и наблюдать дыхание.","после нейтрального выравнивания и спокойного дыхания","вернуться в нейтраль и наблюдать дыхание","visuals/AS043.svg","v1 каталог, строка расширяема"
"AS044","Сидячие базовые","стопы и колени","начальный","Vajrasana","Ваджрасана","алмазная поза","Сядьте на опору при необходимости, двигайтесь от тазобедренных суставов. Колени не должны болеть, амплитуда мягкая.","3","боль в коленях, тазобедренных, мениски","Войдите в алмазная поза. Сядьте на опору при необходимости, двигайтесь от тазобедренных суставов. Колени не должны болеть, амплитуда мягкая. Дышите ровно. Выход: вернуться в нейтраль и наблюдать дыхание.","после нейтрального выравнивания и спокойного дыхания","вернуться в нейтраль и наблюдать дыхание","visuals/AS044.svg","v1 каталог, строка расширяема"
"AS045","Сидячие базовые","передняя линия бедра","начальный","Virasana","Вирасана","герой сидя","Сядьте на опору при необходимости, двигайтесь от тазобедренных суставов. Колени не должны болеть, амплитуда мягкая.","3","боль в коленях, тазобедренных, мениски","Войдите в герой сидя. Сядьте на опору при необходимости, двигайтесь от тазобедренных суставов. Колени не должны болеть, амплитуда мягкая. Дышите ровно. Выход: вернуться в нейтраль и наблюдать дыхание.","после нейтрального выравнивания и спокойного дыхания","вернуться в нейтраль и наблюдать дыхание","visuals/AS045.svg","v1 каталог, строка расширяема"
"AS046","Таз и раскрытие","пахи","начальный","Baddha Konasana","Баддха Конасана","бабочка","Сядьте на опору при необходимости, двигайтесь от тазобедренных суставов. Колени не должны болеть, амплитуда мягкая.","3","боль в коленях, тазобедренных, мениски","Войдите в бабочка. Сядьте на опору при необходимости, двигайтесь от тазобедренных суставов. Колени не должны болеть, амплитуда мягкая. Дышите ровно. Выход: вернуться в нейтраль и наблюдать дыхание.","после нейтрального выравнивания и спокойного дыхания","вернуться в нейтраль и наблюдать дыхание","visuals/AS046.svg","v1 каталог, строка расширяема"
"AS047","Таз и раскрытие","внутренняя поверхность бедра","средний","Upavistha Konasana","Упавишта Конасана","широкий угол сидя","Сядьте на опору при необходимости, двигайтесь от тазобедренных суставов. Колени не должны болеть, амплитуда мягкая.","3","боль в коленях, тазобедренных, мениски","Войдите в широкий угол сидя. Сядьте на опору при необходимости, двигайтесь от тазобедренных суставов. Колени не должны болеть, амплитуда мягкая. Дышите ровно. Выход: вернуться в нейтраль и наблюдать дыхание.","после нейтрального выравнивания и спокойного дыхания","вернуться в нейтраль и наблюдать дыхание","visuals/AS047.svg","v1 каталог, строка расширяема"
"AS048","Наклоны вперед","задняя линия","начальный","Janu Sirsasana","Джану Ширшасана","голова к колену","Сначала удлините позвоночник, затем наклоняйтесь от таза. Колени можно согнуть, живот направляйте к бедрам, дыхание спокойное.","3","грыжи в обострении, ишиас, высокое давление при глубоком наклоне","Войдите в голова к колену. Сначала удлините позвоночник, затем наклоняйтесь от таза. Колени можно согнуть, живот направляйте к бедрам, дыхание спокойное. Дышите ровно. Выход: вернуться в нейтраль и наблюдать дыхание.","после мягкой мобилизации таза и задней линии","вернуться в нейтраль и наблюдать дыхание","visuals/AS048.svg","v1 каталог, строка расширяема"
"AS049","Наклоны вперед","нервная система","начальный","Paschimottanasana","Пашчимоттанасана","наклон к ногам сидя","Сначала удлините позвоночник, затем наклоняйтесь от таза. Колени можно согнуть, живот направляйте к бедрам, дыхание спокойное.","3","грыжи в обострении, ишиас, высокое давление при глубоком наклоне","Войдите в наклон к ногам сидя. Сначала удлините позвоночник, затем наклоняйтесь от таза. Колени можно согнуть, живот направляйте к бедрам, дыхание спокойное. Дышите ровно. Выход: вернуться в нейтраль и наблюдать дыхание.","после мягкой мобилизации таза и задней линии","вернуться в нейтраль и наблюдать дыхание","visuals/AS049.svg","v1 каталог, строка расширяема"
"AS050","Наклоны вперед","бедро","средний","Triang Mukha Eka Pada Paschimottanasana","Трианг Мукха Эка Пада Пашчимоттанасана","наклон с одной ногой в вирасане","Сначала удлините позвоночник, затем наклоняйтесь от таза. Колени можно согнуть, живот направляйте к бедрам, дыхание спокойное.","3","грыжи в обострении, ишиас, высокое давление при глубоком наклоне","Войдите в наклон с одной ногой в вирасане. Сначала удлините позвоночник, затем наклоняйтесь от таза. Колени можно согнуть, живот направляйте к бедрам, дыхание спокойное. Дышите ровно. Выход: вернуться в нейтраль и наблюдать дыхание.","после мягкой мобилизации таза и задней линии","вернуться в нейтраль и наблюдать дыхание","visuals/AS050.svg","v1 каталог, строка расширяема"
"AS051","Таз и плечи","ягодицы и плечи","средний","Gomukhasana","Гомукхасана","поза коровьей головы","Сядьте или встаньте ровно, удлините шею, двигайтесь медленно и без рывков. Держите плечи мягкими, дыхание ровным.","3","боль в коленях, тазобедренных, мениски","Войдите в поза коровьей головы. Сядьте или встаньте ровно, удлините шею, двигайтесь медленно и без рывков. Держите плечи мягкими, дыхание ровным. Дышите ровно. Выход: вернуться в нейтраль и наблюдать дыхание.","после нейтрального выравнивания и спокойного дыхания","вернуться в нейтраль и наблюдать дыхание","visuals/AS051.svg","v1 каталог, строка расширяема"
"AS052","Таз и раскрытие","наружная ротация бедра","средний","Agnistambhasana","Агнистамбхасана","двойной голубь","Сядьте на опору при необходимости, двигайтесь от тазобедренных суставов. Колени не должны болеть, амплитуда мягкая.","3","боль в коленях, тазобедренных, мениски","Войдите в двойной голубь. Сядьте на опору при необходимости, двигайтесь от тазобедренных суставов. Колени не должны болеть, амплитуда мягкая. Дышите ровно. Выход: вернуться в нейтраль и наблюдать дыхание.","после нейтрального выравнивания и спокойного дыхания","вернуться в нейтраль и наблюдать дыхание","visuals/AS052.svg","v1 каталог, строка расширяема"
"AS053","Наклоны и вытяжение ног","задняя линия","средний","Krounchasana","Краунчасана","цапля","Сначала удлините позвоночник, затем наклоняйтесь от таза. Колени можно согнуть, живот направляйте к бедрам, дыхание спокойное.","3","грыжи в обострении, ишиас, высокое давление при глубоком наклоне","Войдите в цапля. Сначала удлините позвоночник, затем наклоняйтесь от таза. Колени можно согнуть, живот направляйте к бедрам, дыхание спокойное. Дышите ровно. Выход: вернуться в нейтраль и наблюдать дыхание.","после мягкой мобилизации таза и задней линии","вернуться в нейтраль и наблюдать дыхание","visuals/AS053.svg","v1 каталог, строка расширяема"
"AS054","Шпагаты и глубокое вытяжение","псоас и задняя линия","продвинутый","Hanumanasana","Хануманасана","продольный шпагат","Сначала удлините позвоночник, затем наклоняйтесь от таза. Колени можно согнуть, живот направляйте к бедрам, дыхание спокойное.","2","грыжи в обострении, ишиас, высокое давление при глубоком наклоне; боль в коленях, тазобедренных, мениски","Войдите в продольный шпагат. Сначала удлините позвоночник, затем наклоняйтесь от таза. Колени можно согнуть, живот направляйте к бедрам, дыхание спокойное. Дышите ровно. Выход: вернуться в нейтраль и наблюдать дыхание.","после мягкой мобилизации таза и задней линии","вернуться в нейтраль и наблюдать дыхание","visuals/AS054.svg","v1 каталог, строка расширяема"
"AS055","Сидячие базовые","медитация","продвинутый","Padmasana","Падмасана","лотос","Сядьте на опору при необходимости, двигайтесь от тазобедренных суставов. Колени не должны болеть, амплитуда мягкая.","2","боль в коленях, тазобедренных, мениски","Войдите в лотос. Сядьте на опору при необходимости, двигайтесь от тазобедренных суставов. Колени не должны болеть, амплитуда мягкая. Дышите ровно. Выход: вернуться в нейтраль и наблюдать дыхание.","после нейтрального выравнивания и спокойного дыхания","вернуться в нейтраль и наблюдать дыхание","visuals/AS055.svg","v1 каталог, строка расширяема"
"AS056","Наклоны вперед","таз и задняя линия","продвинутый","Ardha Baddha Padma Paschimottanasana","Ардха Баддха Падма Пашчимоттанасана","полулотос в наклоне","Сначала удлините позвоночник, затем наклоняйтесь от таза. Колени можно согнуть, живот направляйте к бедрам, дыхание спокойное.","2","грыжи в обострении, ишиас, высокое давление при глубоком наклоне; боль в коленях, тазобедренных, мениски","Войдите в полулотос в наклоне. Сначала удлините позвоночник, затем наклоняйтесь от таза. Колени можно согнуть, живот направляйте к бедрам, дыхание спокойное. Дышите ровно. Выход: вернуться в нейтраль и наблюдать дыхание.","после мягкой мобилизации таза и задней линии","вернуться в нейтраль и наблюдать дыхание","visuals/AS056.svg","v1 каталог, строка расширяема"
"AS057","Скрутки","грудной отдел","начальный","Bharadvajasana I","Бхарадваджасана I","скрутка Бхарадваджи","На вдохе вытяните позвоночник, на выдохе разворачивайтесь от грудного отдела. Живот не зажимайте, рычаг руками минимальный.","3","беременность, острые боли поясницы, менструация при дискомфорте","Войдите в скрутка Бхарадваджи. На вдохе вытяните позвоночник, на выдохе разворачивайтесь от грудного отдела. Живот не зажимайте, рычаг руками минимальный. Дышите ровно. Выход: вернуться в центр и повторить симметрично.","после нейтрального выравнивания и спокойного дыхания","вернуться в центр и повторить симметрично","visuals/AS057.svg","v1 каталог, строка расширяема"
"AS058","Скрутки","позвоночник","средний","Ardha Matsyendrasana","Ардха Матсиендрасана","половинная поза Матсиендры","На вдохе вытяните позвоночник, на выдохе разворачивайтесь от грудного отдела. Живот не зажимайте, рычаг руками минимальный.","3","беременность, острые боли поясницы, менструация при дискомфорте","Войдите в половинная поза Матсиендры. На вдохе вытяните позвоночник, на выдохе разворачивайтесь от грудного отдела. Живот не зажимайте, рычаг руками минимальный. Дышите ровно. Выход: вернуться в центр и повторить симметрично.","после нейтрального выравнивания и спокойного дыхания","вернуться в центр и повторить симметрично","visuals/AS058.svg","v1 каталог, строка расширяема"
"AS059","Скрутки и наклоны","задняя линия","средний","Marichyasana I","Маричиасана I","наклон Маричи I","Сначала удлините позвоночник, затем наклоняйтесь от таза. Колени можно согнуть, живот направляйте к бедрам, дыхание спокойное.","3","беременность, острые боли поясницы, менструация при дискомфорте; грыжи в обострении, ишиас, высокое давление при глубоком наклоне","Войдите в наклон Маричи I. Сначала удлините позвоночник, затем наклоняйтесь от таза. Колени можно согнуть, живот направляйте к бедрам, дыхание спокойное. Дышите ровно. Выход: вернуться в центр и повторить симметрично.","после мягкой мобилизации таза и задней линии","вернуться в центр и повторить симметрично","visuals/AS059.svg","v1 каталог, строка расширяема"
"AS060","Скрутки","грудной отдел","средний","Marichyasana III","Маричиасана III","скрутка Маричи III","На вдохе вытяните позвоночник, на выдохе разворачивайтесь от грудного отдела. Живот не зажимайте, рычаг руками минимальный.","3","беременность, острые боли поясницы, менструация при дискомфорте","Войдите в скрутка Маричи III. На вдохе вытяните позвоночник, на выдохе разворачивайтесь от грудного отдела. Живот не зажимайте, рычаг руками минимальный. Дышите ровно. Выход: вернуться в центр и повторить симметрично.","после нейтрального выравнивания и спокойного дыхания","вернуться в центр и повторить симметрично","visuals/AS060.svg","v1 каталог, строка расширяема"
"AS061","Боковые вытяжения","боковая линия","средний","Parivrtta Janu Sirsasana","Паривритта Джану Ширшасана","скрученный наклон к ноге","Устройтесь удобно, поддержите тело опорами и отпускайте лишнее усилие. Дыхание естественное, выход плавный.","3","обычно безопасна при мягком выполнении, избегать боли и головокружения","Войдите в скрученный наклон к ноге. Устройтесь удобно, поддержите тело опорами и отпускайте лишнее усилие. Дыхание естественное, выход плавный. Дышите ровно. Выход: вернуться в нейтраль и наблюдать дыхание.","после нейтрального выравнивания и спокойного дыхания","вернуться в нейтраль и наблюдать дыхание","visuals/AS061.svg","v1 каталог, строка расширяема"
"AS062","Скрутки лежа","поясница","начальный","Jathara Parivartanasana","Джатхара Паривартанасана","скрутка живота лежа","На вдохе вытяните позвоночник, на выдохе разворачивайтесь от грудного отдела. Живот не зажимайте, рычаг руками минимальный.","3","беременность, острые боли поясницы, менструация при дискомфорте","Войдите в скрутка живота лежа. На вдохе вытяните позвоночник, на выдохе разворачивайтесь от грудного отдела. Живот не зажимайте, рычаг руками минимальный. Дышите ровно. Выход: вернуться в центр и повторить симметрично.","после нейтрального выравнивания и спокойного дыхания","вернуться в центр и повторить симметрично","visuals/AS062.svg","v1 каталог, строка расширяема"
"AS063","Скрутки лежа","грудной отдел","начальный","Supta Matsyendrasana","Супта Матсиендрасана","скрутка лежа","На вдохе вытяните позвоночник, на выдохе разворачивайтесь от грудного отдела. Живот не зажимайте, рычаг руками минимальный.","3","беременность, острые боли поясницы, менструация при дискомфорте","Войдите в скрутка лежа. На вдохе вытяните позвоночник, на выдохе разворачивайтесь от грудного отдела. Живот не зажимайте, рычаг руками минимальный. Дышите ровно. Выход: вернуться в центр и повторить симметрично.","после нейтрального выравнивания и спокойного дыхания","вернуться в центр и повторить симметрично","visuals/AS063.svg","v1 каталог, строка расширяема"
"AS064","Прогибы","грудь","начальный","Salamba Bhujangasana","Саламба Бхуджангасана","сфинкс","Разогрейте бедра и грудной отдел. Направляйте грудину вверх, живот и ноги активны, поясницу не сжимайте.","3","боль в пояснице, шее, высокое давление","Войдите в сфинкс. Разогрейте бедра и грудной отдел. Направляйте грудину вверх, живот и ноги активны, поясницу не сжимайте. Дышите ровно. Выход: компенсировать мягким наклоном, Balasana или Apanasana.","после раскрытия грудного отдела и бедер","компенсировать мягким наклоном, Balasana или Apanasana","visuals/AS064.svg","v1 каталог, строка расширяема"
"AS065","Прогибы","спина","начальный","Bhujangasana","Бхуджангасана","кобра","Разогрейте бедра и грудной отдел. Направляйте грудину вверх, живот и ноги активны, поясницу не сжимайте.","3","боль в пояснице, шее, высокое давление","Войдите в кобра. Разогрейте бедра и грудной отдел. Направляйте грудину вверх, живот и ноги активны, поясницу не сжимайте. Дышите ровно. Выход: компенсировать мягким наклоном, Balasana или Apanasana.","после раскрытия грудного отдела и бедер","компенсировать мягким наклоном, Balasana или Apanasana","visuals/AS065.svg","v1 каталог, строка расширяема"
"AS066","Прогибы","задняя цепь","начальный","Shalabhasana","Шалабхасана","саранча","Разогрейте бедра и грудной отдел. Направляйте грудину вверх, живот и ноги активны, поясницу не сжимайте.","3","боль в пояснице, шее, высокое давление","Войдите в саранча. Разогрейте бедра и грудной отдел. Направляйте грудину вверх, живот и ноги активны, поясницу не сжимайте. Дышите ровно. Выход: компенсировать мягким наклоном, Balasana или Apanasana.","после раскрытия грудного отдела и бедер","компенсировать мягким наклоном, Balasana или Apanasana","visuals/AS066.svg","v1 каталог, строка расширяема"
"AS067","Прогибы","передняя линия","средний","Dhanurasana","Дханурасана","лук","Разогрейте бедра и грудной отдел. Направляйте грудину вверх, живот и ноги активны, поясницу не сжимайте.","3","боль в пояснице, шее, высокое давление","Войдите в лук. Разогрейте бедра и грудной отдел. Направляйте грудину вверх, живот и ноги активны, поясницу не сжимайте. Дышите ровно. Выход: компенсировать мягким наклоном, Balasana или Apanasana.","после раскрытия грудного отдела и бедер","компенсировать мягким наклоном, Balasana или Apanasana","visuals/AS067.svg","v1 каталог, строка расширяема"
"AS068","Прогибы","псоас и грудь","средний","Ustrasana","Уштрасана","верблюд","Разогрейте бедра и грудной отдел. Направляйте грудину вверх, живот и ноги активны, поясницу не сжимайте.","3","боль в пояснице, шее, высокое давление","Войдите в верблюд. Разогрейте бедра и грудной отдел. Направляйте грудину вверх, живот и ноги активны, поясницу не сжимайте. Дышите ровно. Выход: компенсировать мягким наклоном, Balasana или Apanasana.","после раскрытия грудного отдела и бедер","компенсировать мягким наклоном, Balasana или Apanasana","visuals/AS068.svg","v1 каталог, строка расширяема"
"AS069","Прогибы и восстановление","грудь и ягодицы","начальный","Setu Bandha Sarvangasana","Сету Бандха Сарвангасана","мост","Разогрейте бедра и грудной отдел. Направляйте грудину вверх, живот и ноги активны, поясницу не сжимайте.","5","боль в пояснице, шее, высокое давление","Войдите в мост. Разогрейте бедра и грудной отдел. Направляйте грудину вверх, живот и ноги активны, поясницу не сжимайте. Дышите ровно. Выход: компенсировать мягким наклоном, Balasana или Apanasana.","после раскрытия грудного отдела и бедер","компенсировать мягким наклоном, Balasana или Apanasana","visuals/AS069.svg","v1 каталог, строка расширяема"
"AS070","Прогибы","руки и ноги","продвинутый","Urdhva Dhanurasana","Урдхва Дханурасана","колесо","Разогрейте бедра и грудной отдел. Направляйте грудину вверх, живот и ноги активны, поясницу не сжимайте.","2","боль в пояснице, шее, высокое давление","Войдите в колесо. Разогрейте бедра и грудной отдел. Направляйте грудину вверх, живот и ноги активны, поясницу не сжимайте. Дышите ровно. Выход: компенсировать мягким наклоном, Balasana или Apanasana.","после раскрытия грудного отдела и бедер","компенсировать мягким наклоном, Balasana или Apanasana","visuals/AS070.svg","v1 каталог, строка расширяема"
"AS071","Прогибы и сила","плечи","средний","Purvottanasana","Пурвоттанасана","обратная планка","Разогрейте бедра и грудной отдел. Направляйте грудину вверх, живот и ноги активны, поясницу не сжимайте.","3","боль в запястьях, плечах, беременность; боль в пояснице, шее, высокое давление","Войдите в обратная планка. Разогрейте бедра и грудной отдел. Направляйте грудину вверх, живот и ноги активны, поясницу не сжимайте. Дышите ровно. Выход: компенсировать мягким наклоном, Balasana или Apanasana.","после раскрытия грудного отдела и бедер","компенсировать мягким наклоном, Balasana или Apanasana","visuals/AS071.svg","v1 каталог, строка расширяема"
"AS072","Прогибы и раскрытие грудной клетки","грудь и горло","средний","Matsyasana","Матсиасана","рыба","Разогрейте бедра и грудной отдел. Направляйте грудину вверх, живот и ноги активны, поясницу не сжимайте.","3","боль в пояснице, шее, высокое давление","Войдите в рыба. Разогрейте бедра и грудной отдел. Направляйте грудину вверх, живот и ноги активны, поясницу не сжимайте. Дышите ровно. Выход: компенсировать мягким наклоном, Balasana или Apanasana.","после раскрытия грудного отдела и бедер","компенсировать мягким наклоном, Balasana или Apanasana","visuals/AS072.svg","v1 каталог, строка расширяема"
"AS073","Таз и прогибы","бедро и ягодицы","средний","Eka Pada Rajakapotasana Prep","Эка Пада Раджакапотасана Prep","подготовка к позе голубя","Разогрейте бедра и грудной отдел. Направляйте грудину вверх, живот и ноги активны, поясницу не сжимайте.","3","боль в пояснице, шее, высокое давление; боль в коленях, тазобедренных, мениски","Войдите в подготовка к позе голубя. Разогрейте бедра и грудной отдел. Направляйте грудину вверх, живот и ноги активны, поясницу не сжимайте. Дышите ровно. Выход: компенсировать мягким наклоном, Balasana или Apanasana.","после раскрытия грудного отдела и бедер","компенсировать мягким наклоном, Balasana или Apanasana","visuals/AS073.svg","v1 каталог, строка расширяема"
"AS074","Глубокие прогибы","передняя линия","продвинутый","Kapotasana","Капотасана","глубокий голубь","Разогрейте бедра и грудной отдел. Направляйте грудину вверх, живот и ноги активны, поясницу не сжимайте.","2","боль в пояснице, шее, высокое давление","Войдите в глубокий голубь. Разогрейте бедра и грудной отдел. Направляйте грудину вверх, живот и ноги активны, поясницу не сжимайте. Дышите ровно. Выход: компенсировать мягким наклоном, Balasana или Apanasana.","после раскрытия грудного отдела и бедер","компенсировать мягким наклоном, Balasana или Apanasana","visuals/AS074.svg","v1 каталог, строка расширяема"
"AS075","Восстановление и вытяжение бедер","квадрицепсы","средний","Supta Virasana","Супта Вирасана","герой лежа","Сначала удлините позвоночник, затем наклоняйтесь от таза. Колени можно согнуть, живот направляйте к бедрам, дыхание спокойное.","5","грыжи в обострении, ишиас, высокое давление при глубоком наклоне; боль в коленях, тазобедренных, мениски","Войдите в герой лежа. Сначала удлините позвоночник, затем наклоняйтесь от таза. Колени можно согнуть, живот направляйте к бедрам, дыхание спокойное. Дышите ровно. Выход: вернуться в нейтраль и наблюдать дыхание.","после мягкой мобилизации таза и задней линии","вернуться в нейтраль и наблюдать дыхание","visuals/AS075.svg","v1 каталог, строка расширяема"
"AS076","Сила и центр","кор","средний","Paripurna Navasana","Парипурна Навасана","лодка","Соберите центр, толкайте опору руками или стопами, сохраняйте длинную шею. Удерживайте коротко и качественно.","3","боль в запястьях, плечах, беременность","Войдите в лодка. Соберите центр, толкайте опору руками или стопами, сохраняйте длинную шею. Удерживайте коротко и качественно. Дышите ровно. Выход: вернуться в нейтраль и наблюдать дыхание.","после нейтрального выравнивания и спокойного дыхания","вернуться в нейтраль и наблюдать дыхание","visuals/AS076.svg","v1 каталог, строка расширяема"
"AS077","Сила и центр","глубокий кор","средний","Ardha Navasana","Ардха Навасана","полулодка","Соберите центр, толкайте опору руками или стопами, сохраняйте длинную шею. Удерживайте коротко и качественно.","3","боль в запястьях, плечах, беременность","Войдите в полулодка. Соберите центр, толкайте опору руками или стопами, сохраняйте длинную шею. Удерживайте коротко и качественно. Дышите ровно. Выход: вернуться в нейтраль и наблюдать дыхание.","после нейтрального выравнивания и спокойного дыхания","вернуться в нейтраль и наблюдать дыхание","visuals/AS077.svg","v1 каталог, строка расширяема"
"AS078","Сила и центр","стабильность","начальный","Kumbhakasana","Кумбхакасана","планка с удержанием","Соберите центр, толкайте опору руками или стопами, сохраняйте длинную шею. Удерживайте коротко и качественно.","3","боль в запястьях, плечах, беременность","Войдите в планка с удержанием. Соберите центр, толкайте опору руками или стопами, сохраняйте длинную шею. Удерживайте коротко и качественно. Дышите ровно. Выход: вернуться в нейтраль и наблюдать дыхание.","после нейтрального выравнивания и спокойного дыхания","вернуться в нейтраль и наблюдать дыхание","visuals/AS078.svg","v1 каталог, строка расширяема"
"AS079","Сила и баланс","косые мышцы","средний","Vasisthasana","Васиштхасана","боковая планка","Соберите центр, толкайте опору руками или стопами, сохраняйте длинную шею. Удерживайте коротко и качественно.","3","боль в запястьях, плечах, беременность","Войдите в боковая планка. Соберите центр, толкайте опору руками или стопами, сохраняйте длинную шею. Удерживайте коротко и качественно. Дышите ровно. Выход: вернуться в нейтраль и наблюдать дыхание.","после нейтрального выравнивания и спокойного дыхания","вернуться в нейтраль и наблюдать дыхание","visuals/AS079.svg","v1 каталог, строка расширяема"
"AS080","Сила и плечи","плечи","средний","Makara Adho Mukha Svanasana","Макара Адхо Мукха Шванасана","дельфин-планка","Сядьте или встаньте ровно, удлините шею, двигайтесь медленно и без рывков. Держите плечи мягкими, дыхание ровным.","3","боль в запястьях, плечах, беременность","Войдите в дельфин-планка. Сядьте или встаньте ровно, удлините шею, двигайтесь медленно и без рывков. Держите плечи мягкими, дыхание ровным. Дышите ровно. Выход: вернуться в нейтраль и наблюдать дыхание.","после нейтрального выравнивания и спокойного дыхания","вернуться в нейтраль и наблюдать дыхание","visuals/AS080.svg","v1 каталог, строка расширяема"
"AS081","Сила и центр","руки и пресс","средний","Lolasana","Лоласана","качели","Соберите центр, толкайте опору руками или стопами, сохраняйте длинную шею. Удерживайте коротко и качественно.","3","боль в запястьях, плечах, беременность","Войдите в качели. Соберите центр, толкайте опору руками или стопами, сохраняйте длинную шею. Удерживайте коротко и качественно. Дышите ровно. Выход: вернуться в нейтраль и наблюдать дыхание.","после нейтрального выравнивания и спокойного дыхания","вернуться в нейтраль и наблюдать дыхание","visuals/AS081.svg","v1 каталог, строка расширяема"
"AS082","Сидячие балансы","баланс","средний","Ubhaya Padangusthasana","Убхая Падангуштхасана","захват обеих стоп сидя","Сядьте на опору при необходимости, двигайтесь от тазобедренных суставов. Колени не должны болеть, амплитуда мягкая.","3","боль в коленях, тазобедренных, мениски","Войдите в захват обеих стоп сидя. Сядьте на опору при необходимости, двигайтесь от тазобедренных суставов. Колени не должны болеть, амплитуда мягкая. Дышите ровно. Выход: вернуться в нейтраль и наблюдать дыхание.","после нейтрального выравнивания и спокойного дыхания","вернуться в нейтраль и наблюдать дыхание","visuals/AS082.svg","v1 каталог, строка расширяема"
"AS083","Балансы на руках","руки и фокус","средний","Bakasana","Бакасана","журавль","Соберите центр, толкайте опору руками или стопами, сохраняйте длинную шею. Удерживайте коротко и качественно.","3","боль в запястьях, плечах, беременность","Войдите в журавль. Соберите центр, толкайте опору руками или стопами, сохраняйте длинную шею. Удерживайте коротко и качественно. Дышите ровно. Выход: вернуться в нейтраль и наблюдать дыхание.","после разогрева плеч, запястий и центра","вернуться в нейтраль и наблюдать дыхание","visuals/AS083.svg","v1 каталог, строка расширяема"
"AS084","Балансы на руках","руки и баланс","средний","Kakasana","Какасана","ворон","Соберите центр, толкайте опору руками или стопами, сохраняйте длинную шею. Удерживайте коротко и качественно.","3","боль в запястьях, плечах, беременность","Войдите в ворон. Соберите центр, толкайте опору руками или стопами, сохраняйте длинную шею. Удерживайте коротко и качественно. Дышите ровно. Выход: вернуться в нейтраль и наблюдать дыхание.","после разогрева плеч, запястий и центра","вернуться в нейтраль и наблюдать дыхание","visuals/AS084.svg","v1 каталог, строка расширяема"
"AS085","Балансы на руках","косые мышцы","продвинутый","Parsva Bakasana","Паршва Бакасана","боковой журавль","Соберите центр, толкайте опору руками или стопами, сохраняйте длинную шею. Удерживайте коротко и качественно.","2","боль в запястьях, плечах, беременность","Войдите в боковой журавль. Соберите центр, толкайте опору руками или стопами, сохраняйте длинную шею. Удерживайте коротко и качественно. Дышите ровно. Выход: вернуться в нейтраль и наблюдать дыхание.","после разогрева плеч, запястий и центра","вернуться в нейтраль и наблюдать дыхание","visuals/AS085.svg","v1 каталог, строка расширяема"
"AS086","Балансы на руках","руки и центр","продвинутый","Mayurasana","Маюрасана","павлин","Соберите центр, толкайте опору руками или стопами, сохраняйте длинную шею. Удерживайте коротко и качественно.","2","боль в запястьях, плечах, беременность","Войдите в павлин. Соберите центр, толкайте опору руками или стопами, сохраняйте длинную шею. Удерживайте коротко и качественно. Дышите ровно. Выход: вернуться в нейтраль и наблюдать дыхание.","после разогрева плеч, запястий и центра","вернуться в нейтраль и наблюдать дыхание","visuals/AS086.svg","v1 каталог, строка расширяема"
"AS087","Балансы на руках","кор и таз","продвинутый","Astavakrasana","Аштавакрасана","восемь углов","Соберите центр, толкайте опору руками или стопами, сохраняйте длинную шею. Удерживайте коротко и качественно.","2","боль в запястьях, плечах, беременность","Войдите в восемь углов. Соберите центр, толкайте опору руками или стопами, сохраняйте длинную шею. Удерживайте коротко и качественно. Дышите ровно. Выход: вернуться в нейтраль и наблюдать дыхание.","после разогрева плеч, запястий и центра","вернуться в нейтраль и наблюдать дыхание","visuals/AS087.svg","v1 каталог, строка расширяема"
"AS088","Балансы на руках","сила и скрутка","продвинутый","Eka Pada Koundinyasana I","Эка Пада Каундиньясана I","баланс Каундиньи I","Соберите центр, толкайте опору руками или стопами, сохраняйте длинную шею. Удерживайте коротко и качественно.","2","боль в запястьях, плечах, беременность","Войдите в баланс Каундиньи I. Соберите центр, толкайте опору руками или стопами, сохраняйте длинную шею. Удерживайте коротко и качественно. Дышите ровно. Выход: вернуться в нейтраль и наблюдать дыхание.","после разогрева плеч, запястий и центра","вернуться в нейтраль и наблюдать дыхание","visuals/AS088.svg","v1 каталог, строка расширяема"
"AS089","Балансы на руках","руки и задняя линия","продвинутый","Tittibhasana","Титтибхасана","светлячок","Соберите центр, толкайте опору руками или стопами, сохраняйте длинную шею. Удерживайте коротко и качественно.","2","боль в запястьях, плечах, беременность","Войдите в светлячок. Соберите центр, толкайте опору руками или стопами, сохраняйте длинную шею. Удерживайте коротко и качественно. Дышите ровно. Выход: вернуться в нейтраль и наблюдать дыхание.","после разогрева плеч, запястий и центра","вернуться в нейтраль и наблюдать дыхание","visuals/AS089.svg","v1 каталог, строка расширяема"
"AS090","Инверсии","плечи","продвинутый","Pincha Mayurasana","Пинча Маюрасана","стойка на предплечьях","Входите только после подготовки плеч, шеи и центра. Работайте у стены или с преподавателем, дыхание не задерживайте.","2","высокое давление, глаукома, травма шеи, менструация по самочувствию","Войдите в стойка на предплечьях. Входите только после подготовки плеч, шеи и центра. Работайте у стены или с преподавателем, дыхание не задерживайте. Дышите ровно. Выход: выйти с паузой в Balasana, Makarasana или Savasana.","после разогрева плеч, запястий и центра","выйти с паузой в Balasana, Makarasana или Savasana","visuals/AS090.svg","v1 каталог, строка расширяема"
"AS091","Инверсии","руки и баланс","продвинутый","Adho Mukha Vrksasana","Адхо Мукха Врикшасана","стойка на руках","Входите только после подготовки плеч, шеи и центра. Работайте у стены или с преподавателем, дыхание не задерживайте.","2","высокое давление, глаукома, травма шеи, менструация по самочувствию","Войдите в стойка на руках. Входите только после подготовки плеч, шеи и центра. Работайте у стены или с преподавателем, дыхание не задерживайте. Дышите ровно. Выход: выйти с паузой в Balasana, Makarasana или Savasana.","после разогрева плеч, запястий и центра","выйти с паузой в Balasana, Makarasana или Savasana","visuals/AS091.svg","v1 каталог, строка расширяема"
"AS092","Инверсии","фокус","продвинутый","Sirsasana","Ширшасана","стойка на голове","Входите только после подготовки плеч, шеи и центра. Работайте у стены или с преподавателем, дыхание не задерживайте.","2","высокое давление, глаукома, травма шеи, менструация по самочувствию","Войдите в стойка на голове. Входите только после подготовки плеч, шеи и центра. Работайте у стены или с преподавателем, дыхание не задерживайте. Дышите ровно. Выход: выйти с паузой в Balasana, Makarasana или Savasana.","после разогрева плеч, запястий и центра","выйти с паузой в Balasana, Makarasana или Savasana","visuals/AS092.svg","v1 каталог, строка расширяема"
"AS093","Инверсии","успокоение","средний","Salamba Sarvangasana","Саламба Сарвангасана","стойка на плечах","Входите только после подготовки плеч, шеи и центра. Работайте у стены или с преподавателем, дыхание не задерживайте.","3","высокое давление, глаукома, травма шеи, менструация по самочувствию","Войдите в стойка на плечах. Входите только после подготовки плеч, шеи и центра. Работайте у стены или с преподавателем, дыхание не задерживайте. Дышите ровно. Выход: выйти с паузой в Balasana, Makarasana или Savasana.","после разогрева плеч, запястий и центра","выйти с паузой в Balasana, Makarasana или Savasana","visuals/AS093.svg","v1 каталог, строка расширяема"
"AS094","Инверсии и наклоны","задняя линия","средний","Halasana","Халасана","плуг","Сначала удлините позвоночник, затем наклоняйтесь от таза. Колени можно согнуть, живот направляйте к бедрам, дыхание спокойное.","3","высокое давление, глаукома, травма шеи, менструация по самочувствию; грыжи в обострении, ишиас, высокое давление при глубоком наклоне","Войдите в плуг. Сначала удлините позвоночник, затем наклоняйтесь от таза. Колени можно согнуть, живот направляйте к бедрам, дыхание спокойное. Дышите ровно. Выход: выйти с паузой в Balasana, Makarasana или Savasana.","после разогрева плеч, запястий и центра","выйти с паузой в Balasana, Makarasana или Savasana","visuals/AS094.svg","v1 каталог, строка расширяема"
"AS095","Инверсии и закрытые формы","нервная система","продвинутый","Karnapidasana","Карнапидасана","колени у ушей","Входите только после подготовки плеч, шеи и центра. Работайте у стены или с преподавателем, дыхание не задерживайте.","2","высокое давление, глаукома, травма шеи, менструация по самочувствию","Войдите в колени у ушей. Входите только после подготовки плеч, шеи и центра. Работайте у стены или с преподавателем, дыхание не задерживайте. Дышите ровно. Выход: выйти с паузой в Balasana, Makarasana или Savasana.","после разогрева плеч, запястий и центра","выйти с паузой в Balasana, Makarasana или Savasana","visuals/AS095.svg","v1 каталог, строка расширяема"
"AS096","Восстановление и инверсии","отдых ног","начальный","Viparita Karani","Випарита Карани","ноги вверх у стены","Входите только после подготовки плеч, шеи и центра. Работайте у стены или с преподавателем, дыхание не задерживайте.","5","высокое давление, глаукома, травма шеи, менструация по самочувствию","Войдите в ноги вверх у стены. Входите только после подготовки плеч, шеи и центра. Работайте у стены или с преподавателем, дыхание не задерживайте. Дышите ровно. Выход: выйти с паузой в Balasana, Makarasana или Savasana.","после разогрева плеч, запястий и центра","выйти с паузой в Balasana, Makarasana или Savasana","visuals/AS096.svg","v1 каталог, строка расширяема"
"AS097","Восстановление и раскрытие","таз и грудь","начальный","Supta Baddha Konasana","Супта Баддха Конасана","бабочка лежа","Устройтесь удобно, поддержите тело опорами и отпускайте лишнее усилие. Дыхание естественное, выход плавный.","5","обычно безопасна при мягком выполнении, избегать боли и головокружения","Войдите в бабочка лежа. Устройтесь удобно, поддержите тело опорами и отпускайте лишнее усилие. Дыхание естественное, выход плавный. Дышите ровно. Выход: вернуться в нейтраль и наблюдать дыхание.","после нейтрального выравнивания и спокойного дыхания","вернуться в нейтраль и наблюдать дыхание","visuals/AS097.svg","v1 каталог, строка расширяема"
"AS098","Вытяжение ног лежа","задняя поверхность бедра","начальный","Supta Padangusthasana I","Супта Падангуштхасана I","ремень на стопе лежа вверх","Сначала удлините позвоночник, затем наклоняйтесь от таза. Колени можно согнуть, живот направляйте к бедрам, дыхание спокойное.","3","грыжи в обострении, ишиас, высокое давление при глубоком наклоне","Войдите в ремень на стопе лежа вверх. Сначала удлините позвоночник, затем наклоняйтесь от таза. Колени можно согнуть, живот направляйте к бедрам, дыхание спокойное. Дышите ровно. Выход: вернуться в нейтраль и наблюдать дыхание.","после мягкой мобилизации таза и задней линии","вернуться в нейтраль и наблюдать дыхание","visuals/AS098.svg","v1 каталог, строка расширяема"
"AS099","Вытяжение ног лежа","приводящие мышцы","начальный","Supta Padangusthasana II","Супта Падангуштхасана II","нога в сторону лежа","Сначала удлините позвоночник, затем наклоняйтесь от таза. Колени можно согнуть, живот направляйте к бедрам, дыхание спокойное.","3","грыжи в обострении, ишиас, высокое давление при глубоком наклоне","Войдите в нога в сторону лежа. Сначала удлините позвоночник, затем наклоняйтесь от таза. Колени можно согнуть, живот направляйте к бедрам, дыхание спокойное. Дышите ровно. Выход: вернуться в нейтраль и наблюдать дыхание.","после мягкой мобилизации таза и задней линии","вернуться в нейтраль и наблюдать дыхание","visuals/AS099.svg","v1 каталог, строка расширяема"
"AS100","Восстановление и поясница","поясница","начальный","Apanasana","Апанасана","колени к груди","Устройтесь удобно, поддержите тело опорами и отпускайте лишнее усилие. Дыхание естественное, выход плавный.","5","обычно безопасна при мягком выполнении, избегать боли и головокружения","Войдите в колени к груди. Устройтесь удобно, поддержите тело опорами и отпускайте лишнее усилие. Дыхание естественное, выход плавный. Дышите ровно. Выход: вернуться в нейтраль и наблюдать дыхание.","после нейтрального выравнивания и спокойного дыхания","вернуться в нейтраль и наблюдать дыхание","visuals/AS100.svg","v1 каталог, строка расширяема"
"AS101","Восстановление и таз","таз","начальный","Ananda Balasana","Ананда Баласана","счастливый ребенок","Сядьте на опору при необходимости, двигайтесь от тазобедренных суставов. Колени не должны болеть, амплитуда мягкая.","5","боль в коленях, тазобедренных, мениски","Войдите в счастливый ребенок. Сядьте на опору при необходимости, двигайтесь от тазобедренных суставов. Колени не должны болеть, амплитуда мягкая. Дышите ровно. Выход: вернуться в нейтраль и наблюдать дыхание.","после нейтрального выравнивания и спокойного дыхания","вернуться в нейтраль и наблюдать дыхание","visuals/AS101.svg","v1 каталог, строка расширяема"
"AS102","Восстановление","расслабление спины","начальный","Makarasana","Макарасана","крокодил","Устройтесь удобно, поддержите тело опорами и отпускайте лишнее усилие. Дыхание естественное, выход плавный.","5","обычно безопасна при мягком выполнении, избегать боли и головокружения","Войдите в крокодил. Устройтесь удобно, поддержите тело опорами и отпускайте лишнее усилие. Дыхание естественное, выход плавный. Дышите ровно. Выход: вернуться в нейтраль и наблюдать дыхание.","после нейтрального выравнивания и спокойного дыхания","вернуться в нейтраль и наблюдать дыхание","visuals/AS102.svg","v1 каталог, строка расширяема"
"AS103","Завершение","интеграция","начальный","Savasana","Шавасана","шавасана","Устройтесь удобно, поддержите тело опорами и отпускайте лишнее усилие. Дыхание естественное, выход плавный.","5","обычно безопасна при мягком выполнении, избегать боли и головокружения","Войдите в шавасана. Устройтесь удобно, поддержите тело опорами и отпускайте лишнее усилие. Дыхание естественное, выход плавный. Дышите ровно. Выход: вернуться в нейтраль и наблюдать дыхание.","после нейтрального выравнивания и спокойного дыхания","вернуться в нейтраль и наблюдать дыхание","visuals/AS103.svg","v1 каталог, строка расширяема"
"AS104","Глубокие закрытые формы","таз и позвоночник","продвинутый","Yoga Nidrasana","Йога Нидрасана","йогический сон","Устройтесь удобно, поддержите тело опорами и отпускайте лишнее усилие. Дыхание естественное, выход плавный.","2","обычно безопасна при мягком выполнении, избегать боли и головокружения","Войдите в йогический сон. Устройтесь удобно, поддержите тело опорами и отпускайте лишнее усилие. Дыхание естественное, выход плавный. Дышите ровно. Выход: вернуться в нейтраль и наблюдать дыхание.","после нейтрального выравнивания и спокойного дыхания","вернуться в нейтраль и наблюдать дыхание","visuals/AS104.svg","v1 каталог, строка расширяема"
"AS105","Таз и колени","пахи и бедра","средний","Mandukasana","Мандукасана","лягушка","Сядьте на опору при необходимости, двигайтесь от тазобедренных суставов. Колени не должны болеть, амплитуда мягкая.","3","боль в коленях, тазобедренных, мениски","Войдите в лягушка. Сядьте на опору при необходимости, двигайтесь от тазобедренных суставов. Колени не должны болеть, амплитуда мягкая. Дышите ровно. Выход: вернуться в нейтраль и наблюдать дыхание.","после нейтрального выравнивания и спокойного дыхания","вернуться в нейтраль и наблюдать дыхание","visuals/AS105.svg","v1 каталог, строка расширяема"
"AS106","Прогибы и бедра","квадрицепсы","средний","Bhekasana","Бхекасана","поза лягушки на животе","Разогрейте бедра и грудной отдел. Направляйте грудину вверх, живот и ноги активны, поясницу не сжимайте.","3","боль в пояснице, шее, высокое давление","Войдите в поза лягушки на животе. Разогрейте бедра и грудной отдел. Направляйте грудину вверх, живот и ноги активны, поясницу не сжимайте. Дышите ровно. Выход: компенсировать мягким наклоном, Balasana или Apanasana.","после раскрытия грудного отдела и бедер","компенсировать мягким наклоном, Balasana или Apanasana","visuals/AS106.svg","v1 каталог, строка расширяема"
"AS107","Лицо и дыхание","челюсть и горло","начальный","Simhasana","Симхасана","лев","Устройтесь удобно, поддержите тело опорами и отпускайте лишнее усилие. Дыхание естественное, выход плавный.","3","обычно безопасна при мягком выполнении, избегать боли и головокружения","Войдите в лев. Устройтесь удобно, поддержите тело опорами и отпускайте лишнее усилие. Дыхание естественное, выход плавный. Дышите ровно. Выход: вернуться в нейтраль и наблюдать дыхание.","после нейтрального выравнивания и спокойного дыхания","вернуться в нейтраль и наблюдать дыхание","visuals/AS107.svg","v1 каталог, строка расширяема"
"AS108","Сила и центр","руки и пресс","продвинутый","Tolasana","Толасана","весы","Соберите центр, толкайте опору руками или стопами, сохраняйте длинную шею. Удерживайте коротко и качественно.","2","боль в запястьях, плечах, беременность","Войдите в весы. Соберите центр, толкайте опору руками или стопами, сохраняйте длинную шею. Удерживайте коротко и качественно. Дышите ровно. Выход: вернуться в нейтраль и наблюдать дыхание.","после нейтрального выравнивания и спокойного дыхания","вернуться в нейтраль и наблюдать дыхание","visuals/AS108.svg","v1 каталог, строка расширяема"
